name;surname;address;telephone;email
Charlot;Lowle;96378 Evergreen Trail;355-230-4922;clowle0@biglobe.ne.jp
Conn;Duggon;41 Toban Pass;238-742-6075;cduggon1@about.me
Blane;Moffatt;4 Coolidge Court;340-654-7696;bmoffatt2@imgur.com
Merola;Bonicelli;45113 Hauk Point;130-476-4741;mbonicelli3@com.com
Ora;Streatley;789 Dovetail Avenue;712-554-2784;
Amos;Canner;1280 Coolidge Road;980-303-0350;acanner5@amazon.de
Tore;Thick;14 Sundown Hill;237-716-2921;tthick6@furl.net
Graeme;Stonier;66709 Prairie Rose Park;367-178-0954;gstonier7@discuz.net
Ree;Mars;42826 Mandrake Place;665-472-6709;rmars8@businesswire.com
Blair;Yanshonok;48784 Oriole Plaza;258-233-5905;
Kermie;Goldthorp;830 Meadow Valley Street;112-381-7579;kgoldthorpa@bloglines.com
Aurelie;Marfe;3957 Sheridan Parkway;207-860-1068;amarfeb@digg.com
Kirk;Toppes;973 Truax Alley;547-179-1491;
Aloysia;Pennell;883 Farwell Pass;795-649-4022;
Kurtis;Flement;4707 2nd Place;374-910-5361;kflemente@blogger.com
Shellie;Reddin;6 Westerfield Place;710-783-7166;sreddinf@goo.gl
Hettie;Sebring;3 Dwight Court;565-120-8856;hsebringg@blogtalkradio.com
Keith;O'Gormally;031 Algoma Road;827-178-0944;kogormallyh@fotki.com
Ginni;Torres;9110 Schmedeman Point;459-532-7854;gtorresi@devhub.com
Amber;Ridger;45 Dottie Plaza;632-801-9803;aridgerj@wikia.com
Vally;Campes;35522 Village Point;680-698-3149;vcampesk@linkedin.com
Leeann;Halmkin;62847 Marquette Circle;655-376-9739;
Cly;Maffei;99 Arapahoe Lane;600-505-9826;cmaffeim@bigcartel.com
Bartholomeo;Woffenden;8247 Canary Lane;165-310-0784;bwoffendenn@google.es
Giles;Argue;4 Straubel Way;303-456-6911;gargueo@blog.com
Lamont;Archbold;1 Burning Wood Alley;233-929-1923;larchboldp@intel.com
Joyce;Coulter;06 Forster Trail;818-649-6697;jcoulterq@hc360.com
Karita;Whiscard;5 Bobwhite Center;260-752-9335;kwhiscardr@unc.edu
Virginia;Pardoe;772 Red Cloud Place;397-783-0223;
Joey;Dowle;4 Green Ridge Parkway;434-995-2363;jdowlet@ucoz.ru
Shawn;Dockrell;6002 Commercial Crossing;270-551-5399;sdockrellu@tuttocitta.it
Sharl;Olive;97052 Norway Maple Park;541-258-1919;solivev@theatlantic.com
Dennis;Begbie;1162 Village Green Drive;941-951-8883;
Morey;Titterrell;8 Sunbrook Crossing;329-249-5767;mtitterrellx@illinois.edu
Scarface;Shaxby;48966 Algoma Alley;552-341-1164;sshaxbyy@discovery.com
Howard;Baake;6 Stone Corner Avenue;516-739-5308;hbaakez@fotki.com
Dalton;Pendlington;87 Schmedeman Crossing;160-998-3652;dpendlington10@shinystat.com
Paxon;Malecky;45 Prentice Road;994-882-2771;pmalecky11@noaa.gov
Kandy;Sothern;97756 Vahlen Hill;616-315-3963;ksothern12@over-blog.com
Kelli;Korting;8477 Bay Hill;538-684-1002;kkorting13@deliciousdays.com
Currey;Gilliver;47 Kedzie Way;655-967-6682;cgilliver14@sina.com.cn
Vivien;Ronnay;12350 Clyde Gallagher Crossing;173-738-5216;
Dalila;Band;66579 Erie Plaza;726-815-0665;dband16@omniture.com
Augustine;Durnin;4 Red Cloud Street;176-914-9188;
Maiga;Rodmell;38522 Jenifer Hill;128-476-6414;
Kristal;Coomer;45 Golden Leaf Place;361-141-7014;
Vidovic;Tetther;37 Knutson Pass;699-843-9037;vtetther1a@wikispaces.com
Marie-ann;Offin;33259 Manley Place;815-814-2749;moffin1b@si.edu
Barbabas;Chasles;47 International Street;930-864-0932;bchasles1c@cafepress.com
Ethelred;Ible;22445 Dayton Circle;139-710-2231;eible1d@nymag.com
Corrine;Jerschke;679 Gale Way;600-910-7963;cjerschke1e@pen.io
Dolly;Hansen;161 Aberg Point;579-890-5828;
Renae;Ruddiforth;9033 Chinook Road;179-558-8295;rruddiforth1g@bizjournals.com
Gabbi;Clemo;1 Sachtjen Alley;460-403-0237;gclemo1h@wiley.com
Greggory;Harradence;089 Independence Place;567-989-7422;gharradence1i@ed.gov
Bee;MacCallester;9 Becker Road;789-847-0373;bmaccallester1j@patch.com
Sky;Lauga;47070 Jackson Hill;137-168-0461;slauga1k@comcast.net
Gaynor;Cohrs;34820 Beilfuss Plaza;687-132-0193;gcohrs1l@scribd.com
Addison;Corser;36991 Aberg Junction;569-822-8537;
Kelsey;Littell;2 Menomonie Place;506-331-4476;klittell1n@latimes.com
Toni;Omand;8014 Hintze Hill;547-743-4924;tomand1o@canalblog.com
Nesta;Withers;9619 Spohn Street;452-459-7855;nwithers1p@shareasale.com
Scottie;Torrijos;61 Crowley Hill;556-720-3065;storrijos1q@examiner.com
Giulia;Donson;83963 Dixon Alley;591-271-1071;gdonson1r@ft.com
Lavina;Whiteford;3 Fieldstone Alley;174-696-5155;
Fletcher;Congreve;0 Bonner Way;997-693-1256;
Barby;Sobey;54800 Cardinal Junction;490-453-9433;bsobey1u@i2i.jp
Alexio;Daly;7065 Iowa Trail;174-917-3103;adaly1v@csmonitor.com
Harv;Whawell;16 Meadow Ridge Road;937-861-3427;hwhawell1w@umich.edu
Jennine;Trevino;08 Grayhawk Terrace;643-212-9321;jtrevino1x@soundcloud.com
Lauren;Gulberg;88390 Fisk Crossing;610-353-0882;lgulberg1y@feedburner.com
Willy;McGlashan;01572 Meadow Vale Park;769-811-8519;wmcglashan1z@businesswire.com
Berty;Blower;084 Upham Street;254-165-3261;bblower20@economist.com
Kerianne;Klausen;8226 Sherman Way;278-591-7623;
Bronnie;Haitlie;98 Ruskin Street;249-904-6738;bhaitlie22@nih.gov
Erhard;Morris;0 La Follette Park;736-489-0033;emorris23@theatlantic.com
Amitie;Eronie;8 Melby Point;252-434-3690;aeronie24@123-reg.co.uk
Gertruda;Verbruggen;2 Sheridan Point;809-358-1124;
Mercy;Perrins;5448 Blaine Trail;960-738-5559;mperrins26@adobe.com
Myrna;Kibbye;03644 Sauthoff Place;727-636-4702;mkibbye27@msu.edu
Kip;Tooher;19 Stone Corner Park;861-771-7311;ktooher28@soundcloud.com
Phylis;Farherty;8 High Crossing Place;708-363-5075;pfarherty29@wix.com
Fred;Sissland;198 Hagan Junction;889-854-9432;fsissland2a@latimes.com
Aleece;Ratke;59403 Dwight Lane;812-917-5316;aratke2b@usa.gov
Ruthe;Girardey;6 Onsgard Point;267-228-2885;rgirardey2c@squarespace.com
Bertha;Schouthede;16 Kinsman Crossing;583-576-2863;
Agosto;Laise;95 Parkside Point;257-331-3841;alaise2e@redcross.org
Leland;McCombe;57 Amoth Street;833-455-9034;lmccombe2f@flickr.com
Belia;Clowes;69353 Spohn Alley;461-331-5762;
Kerwinn;Rowell;59 Mccormick Parkway;232-953-1086;krowell2h@pen.io
Thacher;Whatsize;010 Elgar Terrace;969-223-1659;twhatsize2i@usda.gov
Florian;Brownsea;03 Londonderry Terrace;264-975-5324;
Sean;Sallan;6 Victoria Hill;342-134-3490;ssallan2k@craigslist.org
Carlie;Mawd;46 Goodland Pass;641-977-6618;cmawd2l@oaic.gov.au
Carolan;Iacopo;4719 Cardinal Drive;636-634-4372;ciacopo2m@nbcnews.com
Kaleb;Eckery;5 Kipling Terrace;707-566-6914;keckery2n@jugem.jp
Eugenia;Parke;0936 Killdeer Center;931-454-7626;eparke2o@nytimes.com
Arabella;Yurocjhin;69 Moulton Place;724-989-4079;ayurocjhin2p@paypal.com
Winny;Greader;42 Badeau Road;163-412-4456;wgreader2q@4shared.com
Fay;Chevalier;9011 Dapin Trail;294-974-1553;fchevalier2r@reuters.com
Alyosha;Egell;40 Monterey Point;981-646-2933;aegell2s@hostgator.com
Benjie;Gianetti;721 Muir Hill;597-557-7185;bgianetti2t@reference.com
Seumas;Wrintmore;9996 Service Road;671-214-9707;swrintmore2u@barnesandnoble.com
Wynne;Culp;3 Shelley Alley;691-546-0810;wculp2v@epa.gov
Morissa;Roberto;918 Burrows Hill;143-698-5718;
Gilligan;Spilsburie;37254 Petterle Circle;329-933-8730;
Bancroft;Pawlaczyk;6582 Crescent Oaks Crossing;767-980-2942;bpawlaczyk2y@opensource.org
Thia;Francomb;969 Crest Line Avenue;587-610-9455;tfrancomb2z@si.edu
Faber;Mollatt;530 Eggendart Crossing;704-294-1384;fmollatt30@rambler.ru
Noble;Beadnall;52 Village Green Place;312-305-1948;nbeadnall31@vistaprint.com
Torrance;Pieroni;45749 Dorton Parkway;981-476-3545;tpieroni32@webnode.com
Robinetta;Leahey;2872 Esch Hill;625-741-5908;rleahey33@netvibes.com
Puff;Ewin;1 Dunning Court;557-193-1346;
Hortense;Lawford;75 Coolidge Place;269-136-6680;hlawford35@friendfeed.com
Daisi;Okenden;8398 Eagle Crest Hill;938-389-9217;dokenden36@furl.net
Edyth;Vila;43 Anderson Circle;463-867-8429;evila37@4shared.com
Lesley;Mart;373 Emmet Center;837-668-0836;lmart38@mlb.com
Anett;Reeme;9218 Myrtle Parkway;240-469-1766;areeme39@ifeng.com
Jeremias;Ruger;5 Bunting Drive;524-920-2646;jruger3a@flavors.me
Keane;Rapps;21 Sutteridge Pass;980-810-3452;krapps3b@tinypic.com
Nicolais;Collyear;59 Homewood Parkway;850-810-7580;ncollyear3c@so-net.ne.jp
Red;Littlefield;6 High Crossing Avenue;423-313-0744;
Danielle;Lapping;879 Gina Way;108-640-1742;dlapping3e@blogger.com
Jules;Ayscough;09 Park Meadow Lane;847-803-9456;jayscough3f@w3.org
Humfrid;Braney;9 Logan Drive;859-136-6741;hbraney3g@oakley.com
Renee;Peascod;15 Schiller Circle;905-595-9643;rpeascod3h@blog.com
Lesley;Skells;98 Sheridan Crossing;825-121-1893;
Doe;Rowdell;16480 Mesta Way;291-271-6575;drowdell3j@drupal.org
Rena;Phripp;241 Bartillon Parkway;772-677-4061;
Patricia;Ashlee;258 Oriole Avenue;172-816-0376;pashlee3l@deviantart.com
Jamill;Preble;87 Grover Place;231-919-4056;jpreble3m@angelfire.com
Phillis;Craufurd;773 Cherokee Park;973-195-8783;pcraufurd3n@illinois.edu
Jilly;Wohler;25434 Menomonie Place;436-819-6468;jwohler3o@patch.com
Arman;Skentelbury;6818 Village Green Court;113-589-4698;
Silvia;Duplock;40 Lindbergh Junction;622-676-4173;
Linda;Heighton;754 Sullivan Parkway;308-278-7900;
Aharon;Durnall;80540 Annamark Drive;528-402-0198;adurnall3s@dmoz.org
Theressa;Greenstock;8359 Fordem Terrace;682-151-7643;tgreenstock3t@census.gov
Cobby;Tosney;36 Raven Alley;895-353-6249;ctosney3u@delicious.com
Thomasin;Blinman;812 David Pass;771-283-5151;
Jolynn;O' Mahony;7521 Butternut Hill;850-839-0527;jomahony3w@drupal.org
Verile;Saxton;992 Rusk Park;601-592-5389;vsaxton3x@blinklist.com
Kevin;Weekley;3888 Oakridge Court;380-995-2065;
Sansone;Tsar;42231 Briar Crest Circle;704-603-6795;stsar3z@lulu.com
Pietro;Ricardon;133 Doe Crossing Pass;601-970-8537;pricardon40@ameblo.jp
Cindee;Caistor;46617 Buell Park;848-607-3615;ccaistor41@foxnews.com
Rich;Clapston;159 Hoffman Avenue;537-505-8776;rclapston42@infoseek.co.jp
Thor;Jeffery;83 Grim Lane;288-474-7866;tjeffery43@ezinearticles.com
Tomaso;Caygill;9803 Derek Pass;720-965-7441;tcaygill44@nps.gov
Wyn;Guitt;6968 Saint Paul Terrace;236-828-3367;wguitt45@163.com
Clem;Hoxey;1879 Haas Terrace;516-285-5948;choxey46@omniture.com
Melba;Goalby;5 School Parkway;903-267-8284;mgoalby47@nih.gov
Esteban;Hutcheons;56 Mayfield Road;173-153-2849;ehutcheons48@hc360.com
Tessa;Farherty;2 Kings Parkway;914-504-6861;tfarherty49@google.nl
Gian;Gregori;59994 Stuart Drive;178-192-6026;ggregori4a@cocolog-nifty.com
Johnette;Breckenridge;38 Melvin Circle;811-447-8114;jbreckenridge4b@oakley.com
Gisele;Goranov;873 Rigney Plaza;111-209-0268;ggoranov4c@uiuc.edu
Rina;Agent;78676 Karstens Avenue;663-168-7310;ragent4d@oaic.gov.au
Cherilyn;Devil;918 Larry Circle;214-614-9907;cdevil4e@csmonitor.com
Delmar;Wisam;1361 Kensington Trail;230-842-9993;dwisam4f@jalbum.net
Candra;Englishby;883 Pankratz Alley;967-848-8882;
Kelwin;McCrorie;13614 Victoria Park;178-817-6308;kmccrorie4h@goo.gl
Fidelio;Shailer;6056 Jackson Center;314-964-3194;fshailer4i@walmart.com
Ginnie;Junkison;95073 Johnson Place;519-770-9272;gjunkison4j@jalbum.net
Aloisia;Ravilious;0 Mendota Point;996-750-4770;aravilious4k@ezinearticles.com
Royal;Rawles;3517 Menomonie Parkway;954-823-1361;rrawles4l@bloglovin.com
Louise;Presnell;37351 Golf View Circle;770-299-9774;lpresnell4m@marketwatch.com
Kimmy;Rainforth;98 Prairieview Way;501-107-0955;krainforth4n@shinystat.com
Korie;Shera;3473 Stang Avenue;105-973-9080;kshera4o@toplist.cz
Efrem;Frushard;144 Gulseth Pass;824-588-5465;
Daune;Raggles;1 Annamark Alley;314-932-8231;draggles4q@deviantart.com
Ursala;Jozaitis;90482 Brentwood Parkway;726-538-6805;
Winifield;Ferrotti;8789 Bluejay Park;767-571-4837;wferrotti4s@kickstarter.com
Joceline;Singyard;422 Hollow Ridge Hill;365-832-8451;jsingyard4t@google.es
Elva;Zanetto;6 Shasta Place;486-347-1273;ezanetto4u@cbsnews.com
Lane;Abramov;893 Rockefeller Road;526-403-2682;labramov4v@deliciousdays.com
Dulcea;Lowen;32536 Cordelia Street;251-518-0451;dlowen4w@reference.com
Rosalind;Byng;3 Truax Crossing;108-907-6918;rbyng4x@edublogs.org
Blancha;Willgrass;787 Dunning Court;864-684-6160;bwillgrass4y@symantec.com
Kameko;Pietroni;6 5th Court;348-800-2371;kpietroni4z@sogou.com
Zachery;Deekes;16 Darwin Pass;381-145-5240;zdeekes50@ft.com
Shani;Esland;464 Sycamore Pass;504-414-6770;sesland51@behance.net
Bunny;Dods;15249 Walton Terrace;525-733-8506;bdods52@blogger.com
Paulita;McLay;829 Monterey Hill;521-892-7679;
Adolpho;Nerval;2289 Blaine Street;694-232-0396;
Clarette;Spratley;8020 Dorton Crossing;659-673-7998;cspratley55@google.com.au
Wallis;Swiffen;536 Pawling Circle;217-101-3101;wswiffen56@wikimedia.org
Cedric;Chattey;36 Sunnyside Pass;512-803-5704;cchattey57@dailymail.co.uk
Carmine;Bowyer;484 Johnson Parkway;138-245-6698;cbowyer58@hud.gov
Myrta;Lawerence;8 Stuart Road;313-825-5711;mlawerence59@gov.uk
Adham;Turville;43 Melrose Parkway;134-932-0511;aturville5a@artisteer.com
Ellen;Bunford;0982 Algoma Court;506-351-8132;ebunford5b@bigcartel.com
Milka;Haizelden;910 Boyd Place;315-553-4329;mhaizelden5c@jigsy.com
Aeriel;Worsnup;46 Blaine Alley;851-197-6052;aworsnup5d@mashable.com
Gaultiero;Pratley;94 Oneill Court;219-697-5405;
Samaria;Beasant;0091 Redwing Plaza;452-352-3435;sbeasant5f@tinyurl.com
Jacynth;Flann;40811 Columbus Drive;114-602-2939;
Chilton;McElhinney;3 Maple Crossing;207-289-1871;cmcelhinney5h@artisteer.com
Onfroi;Reeday;1974 Kensington Center;319-179-7129;oreeday5i@hao123.com
Lavina;Tebbett;726 Northfield Lane;485-218-8736;ltebbett5j@huffingtonpost.com
Janenna;De Ruggiero;6556 Carpenter Road;745-449-4030;jderuggiero5k@e-recht24.de
Dorolisa;Laundon;25343 Memorial Court;656-203-2670;dlaundon5l@auda.org.au
Travis;Wodeland;34 Fisk Alley;407-354-3777;twodeland5m@cnn.com
Elbertina;McTurley;3250 Toban Junction;933-648-4873;
Rodd;Woodall;84624 Haas Terrace;312-224-2592;rwoodall5o@nps.gov
Jimmy;Compton;240 Mallard Parkway;647-992-0232;jcompton5p@spiegel.de
Aridatha;Yeiles;1636 Melody Drive;296-571-7517;ayeiles5q@rediff.com
Roy;Cosby;23523 Roxbury Place;669-606-7244;rcosby5r@nytimes.com
Allen;Chetwynd;106 Commercial Trail;170-566-3613;achetwynd5s@whitehouse.gov
Jarid;Figures;56 Donald Junction;679-158-1296;jfigures5t@bbc.co.uk
Analise;Couling;8006 Dottie Point;566-415-7244;acouling5u@nba.com
Fair;Monnoyer;622 Eagan Junction;818-643-5329;fmonnoyer5v@wsj.com
Teodoro;Kennedy;2224 Riverside Pass;937-881-4777;tkennedy5w@google.com
Tisha;Verman;0 Clyde Gallagher Court;402-576-0324;tverman5x@house.gov
Ericka;Heighton;1 Warbler Hill;798-857-7006;eheighton5y@elegantthemes.com
Roldan;Hendin;252 Oak Valley Park;205-417-1244;
Lanae;Gaisford;7 Dovetail Court;460-197-4189;lgaisford60@cnn.com
Kliment;Adamiec;2 Continental Terrace;644-637-6881;kadamiec61@independent.co.uk
Starlin;Harback;19 Dexter Alley;624-467-4763;sharback62@usatoday.com
Gerhardt;Gagen;6693 Atwood Road;308-312-6415;ggagen63@pbs.org
Jyoti;Ivushkin;2101 Badeau Drive;928-118-5776;jivushkin64@squidoo.com
Julius;Ismirnioglou;44979 Nevada Junction;921-676-8142;jismirnioglou65@de.vu
Myles;Hardwicke;88902 Waubesa Junction;469-234-6496;mhardwicke66@yellowbook.com
Brigitte;Gossage;511 Golf Park;689-868-2836;bgossage67@dagondesign.com
Natale;Gasquoine;813 Lindbergh Terrace;694-488-9503;
Rutger;Summersett;46491 Gerald Place;130-672-4331;
Oswell;Dran;217 American Terrace;651-361-9156;odran6a@amazon.de
Darrin;Fairnie;0 Express Point;407-152-6351;
Tan;Lidgley;5 Buena Vista Place;648-987-0300;tlidgley6c@ning.com
Ikey;Taberner;3 Northwestern Pass;172-207-7733;itaberner6d@timesonline.co.uk
Joycelin;Blofield;602 Dapin Hill;355-630-3640;jblofield6e@livejournal.com
Olimpia;Wakley;3225 Eastlawn Way;300-127-5824;owakley6f@ifeng.com
Friedrick;Norquoy;9 Esker Crossing;578-801-0926;fnorquoy6g@cisco.com
Darrell;Gambrell;01246 Larry Drive;221-941-5388;dgambrell6h@sogou.com
Sully;Alday;834 Boyd Junction;822-534-9631;salday6i@nps.gov
Gallagher;Newsome;0 Manley Park;498-209-2441;gnewsome6j@gizmodo.com
Reggie;Manwell;6451 Prentice Point;395-472-7068;rmanwell6k@zdnet.com
Claudine;Milmith;45 Ludington Crossing;823-557-0231;cmilmith6l@bloglovin.com
Ibrahim;Parlett;3941 Kinsman Avenue;188-410-2847;iparlett6m@gravatar.com
Binky;Plumbridge;6758 Armistice Alley;786-829-8750;
Emmy;Breit;0784 Ohio Circle;982-193-9880;ebreit6o@hexun.com
Heida;Tennock;9 Dawn Park;564-978-2551;htennock6p@time.com
Cornell;Tewelson;0 Coolidge Trail;439-852-9694;ctewelson6q@booking.com
Elenore;Krates;0 Autumn Leaf Lane;660-937-1580;ekrates6r@netlog.com
Flynn;Edwinson;64457 Blaine Street;264-985-5069;fedwinson6s@usgs.gov
Geri;Brydson;462 Alpine Junction;263-387-5587;gbrydson6t@over-blog.com
Kaja;Janecki;93 Hallows Circle;392-830-6986;kjanecki6u@tripadvisor.com
Lesly;Gammie;307 Granby Road;249-963-0115;lgammie6v@skype.com
Jacquette;Ind;4036 Dovetail Terrace;348-911-5076;jind6w@pcworld.com
Isidro;Twycross;2 Dapin Street;186-565-5077;itwycross6x@dot.gov
Alicia;O'Sesnane;5361 Sherman Road;158-776-4180;aosesnane6y@1688.com
Elwira;Wilks;8372 La Follette Hill;681-751-7928;ewilks6z@meetup.com
Jase;Bambra;2 North Street;299-895-2419;jbambra70@cargocollective.com
Erinna;de Glanville;275 Hoepker Center;659-398-8734;edeglanville71@xing.com
Barnaby;Swettenham;951 Basil Junction;179-833-2717;bswettenham72@indiatimes.com
Karol;Brideoke;55317 Dayton Pass;709-532-9746;
Gigi;Cheavin;59 Carioca Junction;293-366-3159;gcheavin74@flavors.me
Deni;Dederich;9 Claremont Road;417-900-3259;ddederich75@ted.com
Gilli;Demangeot;8793 Mendota Drive;612-146-2416;gdemangeot76@list-manage.com
Darci;Antunes;92108 Shelley Hill;576-663-4490;
Somerset;Costellow;3051 Manitowish Hill;329-528-5065;scostellow78@icio.us
Banky;Hawtin;7 Darwin Alley;746-617-9430;bhawtin79@mozilla.org
Vitoria;Huntingdon;6481 Banding Center;189-922-0311;vhuntingdon7a@github.com
Rouvin;Castellino;5617 Moose Junction;686-931-2061;
Abbe;Rispine;04579 Hoard Park;976-396-5201;arispine7c@1688.com
Hertha;Linge;8098 Cascade Street;385-633-0310;
Kenna;Easman;282 Bay Alley;501-195-3196;keasman7e@wix.com
Gerick;Kiln;49 Artisan Drive;330-265-9398;gkiln7f@unicef.org
Teresina;Rogerot;1 Sommers Terrace;773-985-6265;
Ella;Nacci;35 Golf View Drive;928-908-1939;enacci7h@nsw.gov.au
Juline;Mocker;7 Lawn Hill;900-722-9029;jmocker7i@tripod.com
Kai;Volleth;3458 Arapahoe Parkway;427-749-3585;kvolleth7j@dagondesign.com
Taffy;Kilvington;6 Packers Point;108-422-6124;tkilvington7k@sourceforge.net
Alexandr;Soden;3789 Bowman Drive;914-731-8706;asoden7l@behance.net
Malachi;Winchcombe;05572 International Point;786-465-9691;mwinchcombe7m@sina.com.cn
Dud;Parslow;53 Glacier Hill Drive;453-401-8982;
Chick;Monk;293 Killdeer Trail;614-114-8323;
Robinet;Sandels;17 Carioca Place;227-440-7391;rsandels7p@wsj.com
Stephenie;Barrick;50 Alpine Plaza;241-720-2299;sbarrick7q@canalblog.com
Ardelia;McKane;10330 Lien Circle;420-605-5333;
Quinton;Lakes;846 Loomis Road;984-600-7393;qlakes7s@sciencedaily.com
Philippa;Cammocke;9 Oxford Point;758-108-6516;
Robers;Torri;35 Moose Plaza;353-252-0786;rtorri7u@yelp.com
Nanni;Wall;63123 Northport Place;660-463-6716;nwall7v@alibaba.com
Deina;Harnetty;001 Mallard Crossing;138-538-8186;dharnetty7w@wordpress.org
Bonni;Tanman;74 Mcbride Terrace;678-222-2042;
Andie;Kerwin;96 Pond Center;835-608-4355;
Vasili;Statersfield;3 Granby Street;410-335-8646;vstatersfield7z@walmart.com
Jozef;Baseley;404 Ludington Lane;900-269-7872;
Tadeas;Derrett;0545 Granby Pass;587-397-2505;tderrett81@chron.com
Tandi;Frood;537 Dahle Street;160-751-9421;tfrood82@google.com.hk
Brynna;Lindwall;0728 Continental Center;184-295-8265;blindwall83@csmonitor.com
Kenny;Pretsel;0 1st Pass;738-550-7482;
Vanya;Chree;8706 Hollow Ridge Street;876-599-1010;vchree85@va.gov
Manfred;Pipet;882 Macpherson Plaza;721-835-7673;
Devin;Taysbil;43482 Prairieview Street;366-548-1055;dtaysbil87@bloglovin.com
Dietrich;Pero;67672 Welch Avenue;170-129-4383;dpero88@webeden.co.uk
Kelbee;Whitnell;13 Melvin Point;427-538-0769;kwhitnell89@woothemes.com
Wyatan;Preskett;489 Waywood Plaza;431-131-4796;wpreskett8a@acquirethisname.com
Domeniga;Goaks;8 Fieldstone Trail;684-889-9698;dgoaks8b@biblegateway.com
Alan;Renad;27 Carioca Place;884-949-4891;arenad8c@blogtalkradio.com
Christie;Hawken;1457 Hanson Junction;194-207-1667;chawken8d@ocn.ne.jp
Hubie;Breeton;61196 Browning Circle;463-157-0195;
Kip;Benedicte;91 Brown Avenue;401-768-9881;
Paulie;Ilyushkin;03858 Acker Road;859-645-7721;
Sky;Ducker;42543 Old Shore Alley;370-182-2299;
Codie;Campana;30037 Meadow Vale Point;861-679-1642;ccampana8i@wordpress.com
Margeaux;Guirau;445 Kropf Lane;118-676-6345;mguirau8j@tripadvisor.com
Lulu;Kits;72710 Myrtle Lane;470-188-6115;lkits8k@aol.com
Immanuel;Henrot;315 Nancy Place;623-641-9113;ihenrot8l@ezinearticles.com
Goldie;Torre;71 Schiller Alley;128-395-1308;
Jarret;Wookey;69 Coleman Crossing;776-453-0273;jwookey8n@nydailynews.com
Karlik;Truder;80395 Anniversary Hill;592-756-0433;ktruder8o@technorati.com
Willi;Fishpoole;65427 Fordem Avenue;689-837-2674;
Kesley;Wareing;8 Eggendart Junction;296-862-7189;kwareing8q@gnu.org
Rice;Danielsohn;96413 Chinook Pass;489-729-7965;
Marice;Cockerton;71475 Nova Trail;191-478-6770;
Arlan;Kemston;5059 Havey Drive;682-605-7758;akemston8t@miibeian.gov.cn
Oralee;Krol;7238 Russell Place;930-850-3848;okrol8u@businessweek.com
Paul;Smallsman;7 Lake View Point;997-411-8066;psmallsman8v@de.vu
Early;De Souza;544 Sunnyside Crossing;461-784-6172;
Kakalina;Desaur;0545 Village Green Place;927-954-8322;kdesaur8x@dagondesign.com
Fianna;Damrell;25912 Dorton Parkway;182-789-9515;fdamrell8y@yelp.com
Rosalind;Boatright;801 Nelson Terrace;193-295-0513;
Ruby;Margrett;24 Dexter Hill;505-885-5343;rmargrett90@bbb.org
Kristos;Digginson;2 Ridgeview Trail;100-403-4744;kdigginson91@tinyurl.com
Ramon;Hornung;7 Kenwood Crossing;646-537-5950;rhornung92@unicef.org
Gawen;Krienke;422 Briar Crest Center;835-287-2695;gkrienke93@wikimedia.org
Susan;Longcake;59 Marquette Way;451-126-0850;
Marijo;Gasken;24 Toban Court;393-141-0534;
Nowell;Wiffill;33539 Monterey Center;203-424-0586;nwiffill96@who.int
Roxy;Fieldgate;10739 Granby Hill;883-316-0854;rfieldgate97@unicef.org
Shanda;Rudsdell;1 Spenser Park;793-214-0776;
Julina;Jandera;675 Carberry Place;657-634-5831;jjandera99@prlog.org
Farand;Wheway;133 Scott Place;414-184-6526;fwheway9a@usda.gov
Carlynn;Viveash;7909 Gina Terrace;611-518-0351;cviveash9b@stumbleupon.com
Dorelia;Eplett;76 Gina Junction;218-146-1695;deplett9c@google.es
Nonnah;Heymann;5284 Sunnyside Lane;609-456-1916;nheymann9d@ifeng.com
Verna;Purvey;67 Starling Street;458-744-4403;vpurvey9e@google.co.uk
Bard;Cochran;918 Esker Alley;809-460-3923;bcochran9f@51.la
Patti;Walklott;24142 High Crossing Road;690-884-2425;
Meagan;Satterley;764 Bellgrove Pass;851-948-7033;msatterley9h@mit.edu
Aldis;Adnam;18 Merrick Lane;565-448-6814;
Kathlin;Elflain;651 Sunfield Drive;292-950-8986;kelflain9j@furl.net
Nicholas;Duley;6 Sullivan Crossing;176-239-7891;nduley9k@ucla.edu
Sheilakathryn;Hutchence;5 Miller Point;952-975-2355;shutchence9l@skype.com
Creigh;Field;852 Vidon Terrace;137-208-7718;cfield9m@ebay.com
Boonie;de Banke;0 Ilene Court;944-846-2241;bdebanke9n@google.co.jp
Halsy;Smittoune;44 Lyons Road;506-465-4863;hsmittoune9o@blogtalkradio.com
Alia;Wannop;70806 Fuller Center;319-450-7563;awannop9p@de.vu
Livy;Merring;90 Weeping Birch Street;903-938-9722;
Cletis;Ingrey;49159 Summit Park;275-645-0462;cingrey9r@unicef.org
Leonore;Priestnall;1421 Milwaukee Parkway;517-291-6256;lpriestnall9s@fda.gov
Mechelle;Weatherburn;0 Debra Hill;324-417-7310;mweatherburn9t@google.pl
Cecelia;Sainsberry;5 Loftsgordon Center;459-542-4224;csainsberry9u@hud.gov
Flint;Bayfield;17 Elgar Place;933-535-8858;fbayfield9v@time.com
Carlye;Dignon;837 Hanson Court;363-130-2914;cdignon9w@princeton.edu
Egbert;Egle;4 Mandrake Court;558-244-7419;
Marcy;Besnard;04688 Atwood Avenue;327-893-3636;mbesnard9y@pbs.org
Benjamen;Shercliff;7 Dunning Court;550-207-0387;
Alfred;Cowdery;73671 Melby Terrace;473-144-0598;
Melesa;Beebee;3412 East Alley;641-822-8954;mbeebeea1@telegraph.co.uk
Roderic;Cram;6643 Forest Run Trail;561-503-2188;rcrama2@goo.gl
Dulcinea;Voelker;17 Bay Avenue;619-235-1847;dvoelkera3@cargocollective.com
Adey;Lewsy;9 Onsgard Pass;541-315-0175;alewsya4@flavors.me
Jada;Linge;493 Homewood Alley;501-930-2761;
Horst;Fitzroy;85 Superior Court;561-156-8090;hfitzroya6@cdbaby.com
Shelton;Gardener;978 Carberry Point;380-594-2301;sgardenera7@answers.com
Marjory;Krugmann;9834 Kedzie Trail;970-919-5136;
Robert;Geerdts;598 Bunker Hill Street;393-519-7982;
Kelsy;Farre;2 Canary Court;128-479-1071;kfarreaa@house.gov
Burnard;Gasking;3 Waubesa Court;477-172-2429;bgaskingab@moonfruit.com
Janie;Palfreeman;131 3rd Alley;840-433-1113;jpalfreemanac@tumblr.com
Wilmette;Cuerda;206 Bartelt Trail;600-573-4687;wcuerdaad@51.la
Ambros;Fernao;426 Marquette Junction;169-734-5452;afernaoae@cam.ac.uk
Alvin;Demschke;93 Orin Trail;554-499-4671;ademschkeaf@engadget.com
Kristo;Dominguez;76 Packers Pass;741-113-3652;kdominguezag@usgs.gov
Oates;Rabl;630 Emmet Circle;347-667-7448;orablah@homestead.com
Wendeline;Skrzynski;52 Sage Junction;833-171-6395;wskrzynskiai@elegantthemes.com
Margarethe;Coultous;71 Eliot Road;823-754-2692;mcoultousaj@scientificamerican.com
Noella;Morena;74806 Jackson Lane;242-321-1574;nmorenaak@wordpress.com
Rachel;MacCart;38839 Red Cloud Way;624-593-0427;rmaccartal@shinystat.com
Theodoric;Bonellie;6 American Ash Avenue;875-421-1797;
Harvey;Deeprose;47 Grover Terrace;138-930-0091;hdeeprosean@smugmug.com
Dido;Davydoch;17 Dorton Point;701-367-9327;ddavydochao@yolasite.com
Nona;Roseby;8012 Sloan Place;290-910-0193;nrosebyap@marriott.com
Caren;Riding;98 Marquette Parkway;654-458-0843;
Noami;Olford;5 Novick Place;459-456-2030;nolfordar@livejournal.com
Nestor;Espy;29639 Elgar Drive;800-108-4150;nespyas@youku.com
Ciel;Petrak;71511 Sunbrook Way;375-478-5001;cpetrakat@cafepress.com
Nara;Irons;5 Emmet Way;600-419-0555;
Kissee;Shipcott;5 Farragut Parkway;119-442-9206;kshipcottav@weather.com
Kiley;Meanwell;7 Golf View Junction;796-889-2924;
Guglielmo;Newlan;6204 North Crossing;467-370-4362;
Deonne;Hush;843 Grasskamp Terrace;199-121-3341;dhushay@ehow.com
Phylys;Hunday;8389 Hollow Ridge Avenue;929-972-8378;phundayaz@about.me
Maxine;Shevill;22018 Esker Alley;274-294-2606;mshevillb0@irs.gov
Rowen;Lewis;2 Meadow Vale Hill;503-106-9578;
Lana;Beteriss;0 Monica Junction;436-428-3810;
Hobart;Argrave;9352 Duke Road;800-952-1416;hargraveb3@harvard.edu
Whitaker;Bonnefin;9 Browning Street;921-659-1408;wbonnefinb4@ucoz.ru
Jeffry;Balmer;3534 Graceland Hill;302-733-8246;jbalmerb5@google.com.au
Hale;Copes;1 New Castle Street;806-772-3013;hcopesb6@aboutads.info
Brendon;Nardoni;7 Carberry Plaza;780-723-2833;bnardonib7@apple.com
Tatiana;Donet;17 Namekagon Terrace;179-826-2172;tdonetb8@hugedomains.com
Belia;Liddel;92 Gateway Alley;788-255-9133;bliddelb9@go.com
Sibyl;Eymer;87 Lakewood Way;636-246-7692;seymerba@google.pl
Estella;Gentery;745 Straubel Road;172-534-4263;
Danit;Dominy;7659 Russell Avenue;547-251-7656;
Daphna;Smitton;623 Toban Parkway;898-413-9529;dsmittonbd@msu.edu
Harold;Poulsen;69 Toban Park;475-625-4668;hpoulsenbe@yolasite.com
Mead;Wessing;54 Cascade Circle;554-951-6790;mwessingbf@marriott.com
Brietta;McGrirl;5 Sunnyside Lane;332-441-3735;
Noe;Watmough;91 Dakota Junction;833-457-4103;
Husein;O'Dougherty;0457 Oakridge Road;412-300-9668;hodoughertybi@bloglines.com
Flory;Avieson;664 Pankratz Pass;243-137-5033;faviesonbj@harvard.edu
Derk;Ivanusyev;6510 5th Way;857-590-2326;divanusyevbk@360.cn
Kelcie;Gerrad;55 Continental Parkway;220-917-6846;kgerradbl@51.la
Sharai;Twinbourne;676 Thierer Plaza;432-379-1722;stwinbournebm@apache.org
Arlan;Chicchelli;5772 Texas Point;799-633-8585;achicchellibn@taobao.com
Chandra;Esselen;4826 School Street;280-289-5450;cesselenbo@comcast.net
Smitty;Fleischmann;6112 Dahle Road;521-916-5042;
Kore;Dmitr;52774 Springview Circle;732-169-3824;kdmitrbq@discuz.net
Lucille;Addis;804 Merry Lane;301-134-9037;laddisbr@diigo.com
Emylee;Faint;9 2nd Way;439-139-6111;
Susie;Gaythwaite;0285 Morningstar Lane;296-210-6179;sgaythwaitebt@icio.us
Verena;Pidgeon;1 Kinsman Trail;174-204-7592;vpidgeonbu@pbs.org
Teodora;Leavy;83169 Porter Parkway;657-697-1838;
Margi;Kondratenya;571 Norway Maple Parkway;688-616-6631;mkondratenyabw@cam.ac.uk
Aurelea;Belin;6 Mallory Lane;349-390-0407;abelinbx@comsenz.com
Juliana;Coutthart;0 Transport Place;768-987-7787;
Clarence;Cejka;6 Mayer Place;317-392-3310;ccejkabz@github.com
Ewart;Mingardo;23106 Lunder Road;402-566-2825;emingardoc0@springer.com
Thekla;Matevosian;959 Nobel Alley;734-488-8755;tmatevosianc1@answers.com
Hadley;Rue;66804 Bay Way;636-199-6428;hruec2@paypal.com
Helenka;Trevett;3587 Hermina Junction;563-141-8979;htrevettc3@merriam-webster.com
Carmine;Arno;738 Marcy Crossing;507-210-9390;carnoc4@scribd.com
Malorie;Milner;19204 Trailsway Alley;677-690-7914;mmilnerc5@blogspot.com
Reinold;Lowrance;94 Johnson Parkway;715-512-6715;rlowrancec6@businesswire.com
Tabb;Mowle;42 Pennsylvania Lane;483-578-4123;tmowlec7@addtoany.com
Shelli;Medway;392 Village Hill;888-650-4188;smedwayc8@live.com
Skip;Delaprelle;3 Dexter Way;705-972-6180;sdelaprellec9@google.nl
Mateo;Fenty;90755 Carberry Hill;724-171-3479;
Berny;Stacey;8 Bobwhite Road;459-143-5071;
Gwyn;Handes;916 Holmberg Parkway;469-985-1430;
Joseito;Lamden;9198 Corry Drive;366-134-5722;
Cassandry;Carnell;51591 Dottie Court;113-413-2256;ccarnellce@google.ru
Tanhya;Howman;0263 Cambridge Center;791-314-4470;thowmancf@blog.com
Hildegaard;Kilfeder;9511 Novick Lane;715-139-1885;
Giffie;Bech;1 Namekagon Trail;403-163-6302;
Nikola;Crix;870 Ronald Regan Street;641-858-4654;ncrixci@cornell.edu
Allene;Marquis;8928 Union Road;778-725-3162;
Charil;Jorioz;7537 Ridgeway Road;675-173-3088;cjoriozck@xing.com
Dan;Ranklin;509 Katie Lane;295-463-7621;dranklincl@last.fm
Aloysius;Grimwood;64 Mayer Plaza;837-121-1574;agrimwoodcm@w3.org
Ramsay;Rook;2071 Sage Point;671-230-0604;rrookcn@illinois.edu
Talia;Thewles;6 Summit Circle;577-192-6385;tthewlesco@tripadvisor.com
Gerty;Sweetnam;765 Carpenter Point;997-767-7974;gsweetnamcp@blog.com
Kittie;Creamer;3 Welch Drive;237-253-8345;kcreamercq@nature.com
Mirabella;Bugdall;951 Helena Road;301-571-8457;mbugdallcr@unesco.org
Nolie;Drayn;89408 Grim Avenue;755-907-4971;ndrayncs@army.mil
Lorilyn;Naulty;71791 Bellgrove Terrace;657-504-2682;lnaultyct@businessinsider.com
Norean;Millson;3 Prentice Parkway;742-982-3451;nmillsoncu@senate.gov
Milicent;Abbiss;85 Arrowood Trail;160-891-5843;mabbisscv@cpanel.net
Allianora;Surgey;652 Dawn Junction;487-835-1243;asurgeycw@diigo.com
Brittni;Beattie;762 Brown Lane;397-497-5421;bbeattiecx@privacy.gov.au
Lillis;Osborne;897 Bunker Hill Alley;852-508-1892;
Dasie;Hauck;793 Fairfield Junction;385-308-0897;dhauckcz@usgs.gov
Chandler;Coultar;2738 Heffernan Center;328-984-3008;ccoultard0@jiathis.com
Shelbi;Pringer;4535 Independence Lane;117-398-5899;springerd1@umn.edu
Adi;Mazdon;3 Sunbrook Junction;153-447-6426;amazdond2@amazon.de
Kial;Lorenzini;1525 Westerfield Street;789-251-4867;klorenzinid3@deliciousdays.com
Brew;Klausewitz;77901 Haas Place;142-710-3092;bklausewitzd4@census.gov
Harrie;Bragginton;239 Darwin Terrace;329-816-5800;hbraggintond5@nbcnews.com
Cy;Paskin;3 Del Sol Avenue;682-787-7906;cpaskind6@census.gov
Jose;Malletratt;199 Crescent Oaks Road;213-688-4908;jmalletrattd7@discuz.net
Cynthy;Garrelts;3657 Kropf Pass;479-727-7379;
Goldi;Haggerwood;01 Fordem Street;806-605-8213;ghaggerwoodd9@infoseek.co.jp
Gill;Gomersal;159 Artisan Park;261-931-6260;ggomersalda@usnews.com
Del;Works;5306 Jenna Hill;539-912-0437;dworksdb@t.co
Lavena;St Clair;01571 Redwing Road;457-318-2864;
Lainey;McDoual;91249 Northport Alley;883-446-8375;lmcdoualdd@cmu.edu
Bernice;Bleything;604 Bartillon Parkway;724-722-4169;bbleythingde@xing.com
Haroun;Klebes;837 West Lane;294-947-4888;hklebesdf@google.nl
Stavros;Orro;040 Dapin Lane;351-731-2455;sorrodg@pcworld.com
Rickey;Schultz;5 Gulseth Pass;546-667-5836;rschultzdh@woothemes.com
Essie;Gillard;441 Pawling Terrace;794-372-3909;egillarddi@free.fr
Claiborn;Ferraro;345 Portage Point;658-737-5502;cferrarodj@yelp.com
Daisie;Ashforth;98 Thompson Pass;482-517-7880;dashforthdk@privacy.gov.au
Yancey;Blacklidge;537 Mayfield Plaza;256-677-1053;yblacklidgedl@flickr.com
Erin;Rodgier;5732 Amoth Hill;650-364-1010;
Antonin;Torrecilla;12127 Fordem Road;598-942-3177;
Wyatan;Guinness;4452 Cambridge Pass;234-205-8549;wguinnessdo@dropbox.com
Myrle;Kirman;37580 Tennessee Alley;573-284-7871;mkirmandp@weebly.com
Lucas;Chadney;7278 Boyd Circle;115-855-9999;lchadneydq@privacy.gov.au
Paulita;Suttaby;9 Becker Hill;699-888-5317;
Georgianne;Hunnybun;085 Lakewood Gardens Center;685-701-7595;
Dido;Dowsing;71220 Doe Crossing Way;684-993-5283;ddowsingdt@ameblo.jp
Merrill;Cahen;088 Summerview Plaza;769-945-2980;mcahendu@symantec.com
Miquela;Westmoreland;64 Grasskamp Court;551-597-0786;mwestmorelanddv@tinypic.com
Luke;Stocks;19040 Hollow Ridge Center;799-302-9104;lstocksdw@cargocollective.com
Annaliese;Dodworth;42 Bultman Parkway;415-926-5877;adodworthdx@cornell.edu
Maurise;Canadas;37 Hanover Lane;558-519-7347;
Johnath;Skechley;58270 Sutteridge Place;764-638-8625;jskechleydz@so-net.ne.jp
Hallsy;Youings;1 East Alley;299-274-8450;hyouingse0@feedburner.com
Thalia;Naden;7255 Tony Hill;538-849-2718;tnadene1@timesonline.co.uk
Seth;Baumler;7427 Goodland Point;856-776-7061;sbaumlere2@dailymail.co.uk
Iona;Markson;28666 Caliangt Point;403-588-9747;imarksone3@reuters.com
Inigo;De Simone;1148 Derek Place;271-623-7026;idesimonee4@imdb.com
Linzy;Shapira;22370 Fallview Road;506-215-6322;lshapirae5@mail.ru
Denis;Coslett;62782 Almo Way;322-697-6330;dcoslette6@imgur.com
Neille;Danev;6 Old Shore Trail;530-414-2785;ndaneve7@g.co
Marla;Lamblin;6 Alpine Pass;859-474-3888;mlambline8@spotify.com
Kaye;Ottam;1 Corscot Junction;560-960-8653;kottame9@pagesperso-orange.fr
Woodman;Mowbury;44 Crest Line Plaza;541-214-7999;wmowburyea@slashdot.org
Humfried;Bahde;75794 Mockingbird Lane;669-611-0778;
Darlene;Tudge;41 Lien Trail;986-629-7769;dtudgeec@ucoz.ru
Mart;Sigart;626 Ronald Regan Lane;671-578-0586;msigarted@photobucket.com
Blondie;Killerby;73554 Saint Paul Circle;638-830-5357;bkillerbyee@intel.com
Olenolin;Benoiton;507 John Wall Point;880-274-8505;obenoitonef@auda.org.au
Ninon;Salmon;49 Delaware Pass;700-902-5372;nsalmoneg@apache.org
Drusie;McLaggan;9 Sugar Circle;488-293-9198;dmclagganeh@wordpress.org
Helenelizabeth;McDell;54907 Crest Line Trail;626-904-5574;hmcdellei@blogspot.com
Nancee;Pren;771 Summerview Park;930-936-3919;nprenej@addthis.com
Yetty;Moneypenny;267 Bluejay Road;493-539-0853;ymoneypennyek@bbb.org
Rutledge;Brunone;3300 Glendale Hill;927-421-4014;rbrunoneel@admin.ch
Cross;Dizlie;8 Manley Plaza;498-301-8282;
Kingsly;Wimlet;8903 Scoville Hill;899-571-2145;
Scarlet;Barnshaw;4 Melby Court;141-866-6753;sbarnshaweo@51.la
Trista;Blandford;49 Buell Hill;369-348-2878;tblandfordep@youtube.com
Franciskus;Renish;5 Meadow Vale Park;343-171-6692;
Crissy;Sommerton;09 Michigan Plaza;719-419-5973;csommertoner@opera.com
Brittani;Pestor;653 Mayfield Road;356-919-9868;bpestores@usnews.com
Shaina;Oles;8787 Kipling Plaza;767-880-8680;soleset@wsj.com
Regan;Fletcher;916 Bay Junction;882-156-7971;rfletchereu@delicious.com
Dosi;Idill;146 Rutledge Alley;438-335-2771;didillev@w3.org
Harper;Schroeder;487 Merry Junction;238-322-1036;hschroederew@pcworld.com
Berton;Wyllis;3372 Leroy Street;462-634-2119;bwyllisex@vinaora.com
Alick;Kenderdine;385 Northridge Alley;639-750-9283;akenderdineey@ning.com
Kattie;Fotherby;6 Prairie Rose Alley;790-896-0053;kfotherbyez@ovh.net
Helge;Bassingham;2 Pine View Avenue;130-533-9265;hbassinghamf0@sina.com.cn
Sanders;Bliss;34 Dryden Crossing;852-425-8338;sblissf1@pcworld.com
Cristin;Greenhough;5 Tennessee Avenue;548-984-0234;cgreenhoughf2@hugedomains.com
Winnie;Dignum;16 Artisan Way;355-741-9089;wdignumf3@cnbc.com
Brandy;Kenlin;20335 Washington Junction;875-554-7002;
Nicolas;Anlay;8502 Pond Avenue;612-186-3758;nanlayf5@oaic.gov.au
Brock;Sleeny;0 Shopko Junction;913-351-3963;bsleenyf6@yandex.ru
Tomkin;Stark;9587 Mifflin Lane;137-848-8600;tstarkf7@mediafire.com
Lionel;Willatts;67828 Warner Place;295-700-6919;lwillattsf8@wiley.com
Lalo;Tallboy;94301 8th Drive;884-183-1156;ltallboyf9@ted.com
Krystyna;Glason;43 Monica Terrace;362-717-8849;kglasonfa@elegantthemes.com
Alejandro;Breitling;55896 Fieldstone Avenue;997-597-1216;abreitlingfb@imgur.com
Lazare;Pembery;32 Ryan Terrace;890-970-8333;lpemberyfc@1688.com
Shelley;Fessions;4 Charing Cross Place;296-919-6562;sfessionsfd@cdbaby.com
Glad;Broggini;8570 Monument Parkway;976-148-9686;gbrogginife@php.net
Shawn;Bedson;96773 Mayer Parkway;151-728-4836;sbedsonff@rediff.com
Lyman;Strowan;1070 Delladonna Place;147-101-4523;lstrowanfg@miitbeian.gov.cn
Blithe;Louden;089 Twin Pines Circle;663-671-8899;bloudenfh@google.ru
Suzann;Boneham;562 Erie Way;290-608-6891;sbonehamfi@hexun.com
Austine;Farryann;3977 Boyd Alley;374-178-1424;afarryannfj@ning.com
Cecilius;Mathewson;08 West Lane;820-324-1611;cmathewsonfk@google.co.jp
Raffarty;Oland;31 Schiller Drive;178-591-6330;rolandfl@bbb.org
Linus;Niave;2970 Grover Court;165-962-8540;lniavefm@netscape.com
Etta;Maffy;8710 Cascade Place;543-468-0293;emaffyfn@liveinternet.ru
Amity;Meaking;3 Fordem Plaza;786-532-6050;ameakingfo@cnet.com
Kynthia;Barrett;37 Old Gate Alley;144-335-4758;kbarrettfp@phpbb.com
Cecilius;Swadlen;999 Northland Center;290-553-6130;cswadlenfq@cisco.com
Anneliese;Millan;410 Parkside Plaza;916-566-5439;amillanfr@hostgator.com
Sanford;Shurman;6 Jenna Trail;256-412-0403;sshurmanfs@earthlink.net
Clim;Gentery;79015 Dennis Crossing;900-152-5133;cgenteryft@google.com
Alyse;Paler;5 John Wall Crossing;515-891-6154;
Brantley;Pattison;8 Linden Street;194-480-8508;bpattisonfv@opera.com
Dominick;Weinham;8 Petterle Park;867-482-0935;dweinhamfw@mlb.com
Maddy;Lionel;13755 Beilfuss Junction;198-739-3511;mlionelfx@amazon.co.jp
Cordie;Hawtin;4903 Summerview Terrace;857-518-2485;
Eolanda;Matuschek;50 Esch Park;445-925-2569;ematuschekfz@hatena.ne.jp
Nonie;Polino;658 Mallard Park;747-254-2963;npolinog0@usatoday.com
Theadora;Egdell;486 Westport Point;831-114-8855;
Valma;Hehl;9 Dwight Street;309-311-2748;vhehlg2@blog.com
Dyanna;Killwick;02343 Moland Place;557-622-6030;
Violet;Gaitskill;01616 Union Parkway;729-654-6803;
Leonidas;Genner;6641 Chive Court;813-511-3586;lgennerg5@webmd.com
Niki;Fincham;4938 Bellgrove Court;121-942-0206;nfinchamg6@imdb.com
Ross;Emlen;7626 Browning Crossing;143-389-8292;remleng7@japanpost.jp
Audrye;Sidebottom;622 Sauthoff Junction;146-342-6842;asidebottomg8@issuu.com
Helena;Tonkes;036 Graedel Pass;582-446-3183;htonkesg9@yahoo.co.jp
Rob;Di Maria;278 Banding Alley;832-689-3302;rdimariaga@ycombinator.com
Joshia;Drage;82490 Mitchell Street;614-243-2223;jdragegb@wisc.edu
Guenna;Shuttle;2287 Esker Center;997-879-5069;gshuttlegc@xrea.com
Clementia;Rosenberger;2136 Arrowood Circle;911-649-2345;crosenbergergd@php.net
Berty;Meyer;6 Karstens Court;384-695-2219;bmeyerge@washington.edu
Chan;Lorraine;73050 Loftsgordon Court;254-817-3122;clorrainegf@walmart.com
Wylma;Orta;42944 Maywood Drive;375-312-4069;wortagg@discovery.com
Scarface;Wilderspoon;500 Everett Pass;158-400-9564;swilderspoongh@theatlantic.com
Rhetta;Mealiffe;77 Grover Center;586-365-3071;
Margret;Boerderman;3 Dapin Point;147-854-6413;mboerdermangj@sakura.ne.jp
Paten;Leader;1668 Northport Pass;323-865-9914;
Rick;Van Baaren;4440 Bluestem Way;935-742-0855;rvanbaarengl@purevolume.com
Vinita;Haresign;47 7th Avenue;290-678-4943;vharesigngm@github.com
Edsel;Kumar;87514 Merrick Point;522-895-4101;ekumargn@angelfire.com
Renell;Deverick;3846 Bowman Street;411-781-1103;rdeverickgo@mapy.cz
Yardley;Patinkin;301 Village Green Parkway;474-762-8508;ypatinkingp@rakuten.co.jp
Johanna;Wallhead;552 Del Mar Drive;725-902-7983;
Kerk;Skillicorn;2347 Ludington Parkway;493-846-1200;
Oralle;Hudghton;07 Coolidge Park;177-584-4869;ohudghtongs@wiley.com
Grethel;Roof;4039 Katie Trail;664-352-0232;groofgt@accuweather.com
Eward;Snook;22940 Twin Pines Terrace;458-207-1597;esnookgu@wsj.com
Erinn;Cantle;77547 Dottie Crossing;293-477-6173;ecantlegv@spiegel.de
Patrice;Bradnum;65 Lake View Junction;256-181-4077;pbradnumgw@hp.com
Karlene;Wilcot;40 Kings Alley;575-590-4176;kwilcotgx@tuttocitta.it
Aleksandr;Meekin;879 Shopko Street;865-809-8784;
Ericka;Reeman;8 Bonner Terrace;706-941-9417;ereemangz@ifeng.com
Sophey;Branca;8 Butternut Court;731-547-5593;sbrancah0@mysql.com
Jada;Guillou;3 Mendota Road;335-913-0476;
Ray;Jannasch;6407 Dorton Pass;699-786-8875;rjannaschh2@state.gov
Gauthier;Davenhill;61 Heath Court;532-333-6190;
Hector;Driscoll;88 Carioca Center;779-553-9129;hdriscollh4@auda.org.au
Dirk;Abramcik;73 Bayside Avenue;943-357-6748;dabramcikh5@nyu.edu
Vonny;Tytler;536 Northfield Way;376-800-6145;vtytlerh6@google.ca
Kirby;Aim;655 Loftsgordon Way;970-987-9556;kaimh7@newsvine.com
Zia;Hatherley;70 Armistice Street;846-787-7420;
Averil;Boots;5761 Vermont Park;912-476-2073;
Sapphire;Buttwell;0657 Claremont Court;796-376-2328;
Fanechka;Bedboro;035 Nobel Terrace;994-473-3913;fbedborohb@eepurl.com
Rex;Humm;873 Florence Center;493-755-3858;
Leland;Domke;5 Eggendart Street;441-153-1914;ldomkehd@booking.com
Ned;Reicharz;0 Holy Cross Drive;362-708-7036;nreicharzhe@alibaba.com
Emlynne;Landreth;74 Helena Junction;290-778-8339;elandrethhf@seesaa.net
Elissa;Lampen;187 Sunbrook Terrace;570-890-9145;elampenhg@devhub.com
Jake;Snarie;0714 Bobwhite Circle;941-704-9059;jsnariehh@amazon.co.uk
Alasteir;Beven;258 Duke Alley;848-559-3131;abevenhi@wikimedia.org
Norry;Bowkett;571 Jay Junction;873-483-1152;
Hattie;Cavendish;7345 Reinke Park;115-168-1270;hcavendishhk@parallels.com
Brietta;MacGettigen;6782 Goodland Court;856-564-9048;bmacgettigenhl@addtoany.com
Beniamino;Kitcat;82196 Morrow Place;813-274-7464;bkitcathm@wordpress.com
Consalve;David;62 Alpine Road;276-587-7315;cdavidhn@webnode.com
Sheila-kathryn;Surguine;4684 West Circle;758-274-3392;ssurguineho@joomla.org
Randy;Gallamore;67988 Manufacturers Place;137-483-0762;rgallamorehp@tuttocitta.it
Barrie;Wilflinger;00 Farragut Alley;237-496-6692;bwilflingerhq@ucla.edu
Malissia;Grealey;61 Grim Drive;495-547-4214;mgrealeyhr@exblog.jp
Sigvard;Tuffell;72608 Dunning Lane;756-189-9958;stuffellhs@odnoklassniki.ru
Anallise;Awcoate;6 Sutherland Hill;589-889-8631;aawcoateht@apache.org
Allina;Giacoppo;945 Cody Alley;610-687-5315;
Emmye;Kidney;4559 Warbler Place;885-816-5825;
Lita;Stoffels;6443 Hanson Lane;959-339-6730;lstoffelshw@smh.com.au
Tad;Huncote;1 Anniversary Parkway;399-952-5510;thuncotehx@msn.com
Katrinka;Tutt;033 Clove Avenue;899-723-0928;
Constantino;Glasgow;88323 Emmet Point;100-159-3326;cglasgowhz@google.de
Henry;Dimanche;2073 Becker Point;288-853-0366;hdimanchei0@infoseek.co.jp
Elsworth;Velti;0 Grasskamp Center;668-639-5344;eveltii1@oracle.com
Merl;Beri;03 Corscot Center;693-635-6413;mberii2@wix.com
Kristyn;Davidoff;78476 Artisan Street;592-949-5283;kdavidoffi3@nasa.gov
Brice;Franiak;300 Doe Crossing Trail;662-968-9707;bfraniaki4@posterous.com
Teresa;Fulger;5 Arkansas Circle;616-265-8405;tfulgeri5@joomla.org
Waite;Hafford;39 Fuller Lane;396-884-8885;whaffordi6@intel.com
Brinn;McCafferty;8 Lien Park;320-315-2341;bmccaffertyi7@craigslist.org
Rani;Ajam;898 Stephen Pass;186-224-7502;rajami8@ow.ly
Osbourn;Barthorpe;4 Mockingbird Plaza;500-449-7910;
Hamish;Dorwood;5833 Park Meadow Way;236-610-8135;hdorwoodia@un.org
Minetta;Treend;11397 Chive Circle;129-440-9741;mtreendib@unblog.fr
Janetta;Liccardi;6078 Northwestern Street;237-908-7206;jliccardiic@oracle.com
Lynnell;Paliser;5496 Northview Place;235-224-5593;lpaliserid@senate.gov
Oona;Hawkswood;39 Basil Court;537-995-9981;ohawkswoodie@etsy.com
Ricky;Klehn;9 Gale Parkway;481-508-8485;rklehnif@chicagotribune.com
Pansy;Bellham;307 Westridge Plaza;774-556-3385;
Emmalyn;Keijser;85 Delladonna Lane;413-952-1881;
Tiena;Need;18 Lotheville Way;685-572-8564;tneedii@engadget.com
Sibbie;Scalia;1 Lakewood Way;698-731-3235;sscaliaij@dell.com
Sheri;MacInherney;26 Orin Circle;616-930-1140;smacinherneyik@fema.gov
Merrill;Orgee;52 Lindbergh Crossing;233-173-3999;morgeeil@blogspot.com
Rod;Campey;08465 Messerschmidt Street;462-922-0595;rcampeyim@angelfire.com
Jim;Eixenberger;433 Superior Parkway;563-117-3194;jeixenbergerin@constantcontact.com
Karlene;Pedrol;547 Swallow Center;657-739-1704;
Charlie;Wagnerin;600 Anthes Avenue;885-400-4067;
Trudi;Myles;0 New Castle Park;218-717-0360;tmylesiq@disqus.com
Sonnnie;Dwelling;0346 Prentice Plaza;894-926-9946;sdwellingir@stumbleupon.com
Brinn;Aidler;89 Redwing Court;567-799-6506;
Jillian;Sine;2 Sunnyside Court;244-906-8930;jsineit@canalblog.com
Idaline;Gabb;1948 Nevada Park;197-546-4968;igabbiu@facebook.com
Glenda;Dancy;643 Grim Street;176-184-6695;gdancyiv@fc2.com
Maryanna;Siggee;19 Fieldstone Pass;381-815-9900;msiggeeiw@lulu.com
Shela;Larcier;59 Lakewood Gardens Drive;613-198-3514;
Tillie;Olenchikov;733 Red Cloud Point;671-816-9255;tolenchikoviy@1und1.de
Micheil;Newborn;100 Sunnyside Place;358-677-5982;mnewborniz@cyberchimps.com
Urbano;Prinett;03 Cherokee Park;344-759-8013;uprinettj0@huffingtonpost.com
Grethel;Hayford;6 Memorial Crossing;692-582-5140;
Sandye;Jurzyk;228 Ronald Regan Road;267-829-2337;sjurzykj2@bbb.org
Archambault;McGrowther;71772 2nd Avenue;703-541-9044;amcgrowtherj3@multiply.com
Zak;Caldwall;2 Sachs Street;287-918-0433;zcaldwallj4@about.com
Louisette;Beggi;83 Melvin Road;225-209-7000;lbeggij5@columbia.edu
Wildon;Cockarill;39029 Kropf Junction;187-844-8139;
Roberto;Galero;978 Browning Lane;424-106-2622;rgaleroj7@cdbaby.com
Bobbi;Audiss;42757 Luster Center;356-705-7024;baudissj8@sciencedaily.com
Karel;De Hooge;804 Comanche Road;678-536-8705;kdehoogej9@privacy.gov.au
Gerri;Schulz;15 Hauk Parkway;291-926-0642;gschulzja@harvard.edu
Gerrilee;Pesticcio;3 Carpenter Point;954-331-7395;gpesticciojb@is.gd
Lenette;Kibard;6410 Fieldstone Pass;380-473-0814;lkibardjc@fda.gov
Gareth;Trevithick;9 Brickson Park Street;891-579-2368;
Horton;Strain;4834 Annamark Lane;568-563-8433;hstrainje@icio.us
Dew;Schustl;83 Homewood Lane;392-460-2642;dschustljf@purevolume.com
Antoine;Bier;801 Grover Terrace;809-358-9446;abierjg@goo.ne.jp
Emily;Antrack;326 Veith Plaza;953-593-1777;
Bobbi;Roget;798 Gina Junction;596-628-0099;brogetji@indiegogo.com
Estella;Wasson;3835 Kropf Drive;972-941-2991;ewassonjj@blogspot.com
Ronnie;Broadberry;4 Ramsey Park;324-109-8176;
Ferdinanda;Chapleo;7530 Artisan Road;163-361-7972;fchapleojl@blog.com
Man;Kebbell;8 Mitchell Park;618-321-6387;mkebbelljm@ehow.com
Kale;Goulding;80991 Towne Crossing;710-994-8950;kgouldingjn@harvard.edu
Gifford;De Dei;003 Victoria Avenue;216-827-5026;gdedeijo@163.com
Jere;Kowalski;37739 Havey Place;891-121-3295;jkowalskijp@indiatimes.com
Valenka;Whitbread;89813 Northview Road;312-525-2829;vwhitbreadjq@ow.ly
Allistir;Tours;41045 Bellgrove Terrace;930-239-4519;
Cyndie;Sandes;2380 Summit Crossing;243-978-7767;csandesjs@google.de
Elnore;Ickovicz;324 Main Alley;809-636-9571;eickoviczjt@ucsd.edu
Evelina;Fissenden;111 Gulseth Avenue;377-601-9670;efissendenju@sakura.ne.jp
Antons;Gossipin;4 Duke Plaza;158-518-0185;agossipinjv@github.com
Hayward;Hamblington;957 Springview Court;692-818-0691;hhamblingtonjw@delicious.com
Hunt;Cromar;1 Mendota Drive;632-351-1923;hcromarjx@nature.com
Joela;Truter;2 Ryan Point;611-568-2255;jtruterjy@issuu.com
Henka;Pocke;52097 Huxley Drive;169-992-8117;hpockejz@nature.com
Pegeen;Binfield;4865 Carpenter Way;736-925-5534;pbinfieldk0@people.com.cn
Tasia;Wankling;0 Kedzie Place;405-278-2241;twanklingk1@amazon.co.jp
Marsha;Keeves;1 Iowa Hill;103-233-4014;mkeevesk2@smh.com.au
Quintin;Harman;7832 Erie Point;177-353-4139;qharmank3@nhs.uk
Gilberta;Ipplett;58 Havey Avenue;819-514-4119;
Tirrell;Hearthfield;1 Springs Court;193-855-1934;
Octavius;Crose;06269 Elka Center;462-837-4272;ocrosek6@jiathis.com
Joelle;Rosas;84 6th Crossing;695-961-3876;
Angelle;Tossell;7 Havey Center;758-941-4124;
Yasmeen;Mathie;8068 Weeping Birch Road;212-402-3029;
Marcella;Nockells;2 Reinke Center;662-303-7166;mnockellska@imgur.com
Chadwick;Ruprechter;2 Hintze Pass;222-553-5607;cruprechterkb@berkeley.edu
Noby;Lehmann;9543 Cascade Place;662-828-7198;nlehmannkc@slashdot.org
Sibby;Churchin;8354 Northfield Lane;702-922-0178;schurchinkd@ameblo.jp
Milena;Jiracek;3366 Cardinal Circle;735-288-1406;mjiracekke@washingtonpost.com
Keslie;Whartonby;11617 Crowley Street;229-938-4160;kwhartonbykf@nbcnews.com
Arlen;Lund;564 Lindbergh Terrace;602-577-7314;alundkg@arizona.edu
Myer;Fairrie;002 Bobwhite Street;540-623-7433;mfairriekh@unesco.org
Brietta;Chettle;0 Erie Hill;349-190-1739;bchettleki@slideshare.net
Cornelia;Southerton;0519 Declaration Plaza;377-448-5144;csouthertonkj@accuweather.com
Angelique;Kendred;982 Fairview Lane;624-929-7654;akendredkk@virginia.edu
Dudley;Gregr;8534 Evergreen Plaza;867-329-9396;
Pincas;Zoane;93719 Sherman Point;379-619-2807;pzoanekm@pcworld.com
Glenna;Bosman;195 Summerview Parkway;490-298-0693;gbosmankn@com.com
Shaylah;Whales;87 1st Circle;144-204-0334;swhalesko@barnesandnoble.com
Riccardo;Frankiss;78664 Dakota Court;168-227-0789;rfrankisskp@globo.com
Harmon;MacRory;62 Grover Center;214-267-6877;hmacrorykq@washington.edu
Hilary;Itzhaiek;81927 Morningstar Circle;180-490-2427;hitzhaiekkr@chronoengine.com
Elwood;Fewkes;091 Lakewood Avenue;901-255-0875;efewkesks@amazon.co.uk
Montgomery;Feifer;93928 Express Plaza;750-736-3417;mfeiferkt@mit.edu
Sebastien;Davenall;65707 Bobwhite Road;618-128-7519;
Cecily;Skillings;819 Caliangt Avenue;781-631-8565;cskillingskv@cocolog-nifty.com
Florri;Osbiston;3849 Shelley Alley;717-866-6599;
Shermie;Gianiello;2 Prairie Rose Parkway;394-207-2624;sgianiellokx@cisco.com
Bond;Bengle;468 Thierer Road;843-110-5040;
Mallory;Dearle-Palser;50 Corry Park;990-200-3059;mdearlepalserkz@ycombinator.com
Portie;Itzkin;68152 Pawling Drive;213-552-4043;pitzkinl0@constantcontact.com
Dinnie;Gutans;43 Sundown Lane;800-527-8093;dgutansl1@nationalgeographic.com
Calhoun;Fulun;4524 Magdeline Drive;421-519-4285;cfulunl2@tinypic.com
Launce;Renad;776 Doe Crossing Pass;431-313-8890;lrenadl3@gmpg.org
Rafaello;Saltwell;7943 Wayridge Park;789-577-7618;rsaltwelll4@cnet.com
Remus;Carder;49 Moland Lane;736-314-0242;rcarderl5@geocities.jp
Robyn;Stolworthy;233 Waxwing Place;910-781-1247;rstolworthyl6@unblog.fr
Cassondra;Henkmann;1800 Loomis Court;402-802-0993;chenkmannl7@instagram.com
Aubrette;Felix;5310 Division Way;935-878-4325;afelixl8@newyorker.com
Kelley;Lente;03 Laurel Point;736-535-4598;klentel9@oaic.gov.au
Rosemarie;Petit;82 Wayridge Terrace;535-229-4159;rpetitla@china.com.cn
Dara;Branca;7351 Bunting Drive;273-737-0438;dbrancalb@wunderground.com
Abigael;Coggins;344 Fulton Avenue;665-736-7845;acogginslc@moonfruit.com
Sheffy;Durbann;155 Del Sol Street;882-153-2697;sdurbannld@nbcnews.com
Collete;Klees;70032 Hayes Parkway;719-838-1363;
Kylynn;Lumm;6 Shopko Court;892-267-5992;klummlf@free.fr
Pip;Grimster;073 Vermont Street;741-399-8537;pgrimsterlg@slashdot.org
Yulma;Nouch;6078 Bultman Parkway;397-694-6210;ynouchlh@squidoo.com
Willette;Tanzer;27 Tennyson Plaza;273-492-2725;wtanzerli@forbes.com
Melamie;Beddingham;185 Shoshone Park;186-242-3287;mbeddinghamlj@networksolutions.com
Jamison;Box;38370 Green Ridge Junction;327-651-0817;
Novelia;Fores;70 Gerald Alley;619-397-3075;nforesll@typepad.com
Marchelle;Greenhow;3139 Center Avenue;685-600-4209;mgreenhowlm@free.fr
Bjorn;Southeran;19 Fisk Terrace;272-838-7633;bsoutheranln@statcounter.com
Glen;Wyre;38015 David Way;252-574-2422;gwyrelo@skype.com
Demetrius;Taylor;313 Kipling Drive;759-992-9192;dtaylorlp@dailymotion.com
Malia;Greenier;92 Columbus Plaza;688-918-0083;mgreenierlq@live.com
Madelle;Bourdice;2 Burning Wood Plaza;815-874-1891;
Shae;O'Lenane;84918 Elmside Center;263-509-3886;solenanels@zimbio.com
Gennifer;Dive;1280 Calypso Court;106-890-7011;gdivelt@barnesandnoble.com
Milli;Aspin;0 Southridge Junction;494-158-1546;maspinlu@t.co
Oralie;Lakey;229 Grover Court;965-222-3488;olakeylv@51.la
Gregorio;Rumke;154 Brickson Park Road;708-893-0552;grumkelw@ifeng.com
Rossie;Blenkin;3050 Bartillon Junction;625-710-6141;rblenkinlx@wordpress.org
Korie;Adacot;93 Talmadge Center;807-398-8401;kadacotly@etsy.com
Emily;Keefe;1 Helena Center;474-590-5767;
Merissa;Breeder;088 Fulton Point;905-174-4066;mbreederm0@liveinternet.ru
Eberto;Finn;4 Esker Hill;142-467-5701;efinnm1@admin.ch
Tasia;Matyas;6 Bay Plaza;283-716-4720;
Merralee;Leighton;18 Springs Road;204-600-5603;mleightonm3@skype.com
Nell;Sampson;0361 Fordem Drive;247-420-0710;nsampsonm4@tinyurl.com
Lara;Cissen;814 Columbus Way;290-626-1324;lcissenm5@devhub.com
Ricardo;Mace;138 Waubesa Pass;246-124-8309;rmacem6@dropbox.com
Gilemette;Allix;3954 Farmco Drive;554-301-3223;gallixm7@prweb.com
David;McQuillin;4 Chinook Plaza;129-481-6817;
Ricky;Siviter;40781 Onsgard Parkway;261-881-6999;rsiviterm9@nih.gov
Aldon;Whitewood;004 Judy Place;458-569-1240;awhitewoodma@goo.ne.jp
Benny;Pietz;966 Crescent Oaks Way;408-654-8014;bpietzmb@cocolog-nifty.com
Nananne;Heinsius;0 Judy Junction;352-506-6792;nheinsiusmc@samsung.com
Brooke;Hegel;51275 Prairie Rose Place;931-211-5978;bhegelmd@symantec.com
Maxie;Rosnau;77 Pierstorff Way;762-955-8624;mrosnaume@com.com
Aloysia;Ghirardi;8 Steensland Avenue;300-657-7789;aghirardimf@go.com
Corine;Pods;0362 Glacier Hill Park;951-553-0691;
Tori;Priestner;9 Fairview Park;916-907-1148;tpriestnermh@qq.com
Erena;Hovington;16508 Briar Crest Place;612-829-9684;
Herve;Boyda;8404 Burning Wood Circle;963-762-4524;hboydamj@marriott.com
Eolande;Shillan;0 Hollow Ridge Park;652-772-4082;eshillanmk@topsy.com
Twyla;Calven;27443 Lake View Trail;972-190-7447;tcalvenml@vistaprint.com
Jock;Rosander;5693 Porter Alley;542-199-1638;jrosandermm@blogtalkradio.com
Pansy;Cristofol;7 Kinsman Parkway;326-959-1179;
Oralia;Pulham;01 Manufacturers Street;322-646-4343;opulhammo@admin.ch
Archibald;Merrigan;28 Riverside Park;907-789-0048;
Rosene;Solano;5 Darwin Center;749-558-4103;rsolanomq@alexa.com
Eleonora;Langworthy;7 Charing Cross Parkway;936-330-5981;
Alric;Jaggard;53 Corscot Junction;849-626-2183;ajaggardms@jugem.jp
Vance;Blackbourn;14257 Kropf Terrace;425-778-2836;vblackbournmt@qq.com
Egon;Twittey;1 Hovde Junction;293-148-8590;
Elberta;Hallet;96 Evergreen Road;797-886-2337;ehalletmv@latimes.com
Olimpia;Whiskin;6 5th Center;530-831-6331;owhiskinmw@washington.edu
Sarena;Gillbey;5331 Nova Center;259-560-3280;
Kelcie;Rootes;087 Coleman Trail;593-101-0906;
Kelvin;Willder;0 Petterle Trail;817-308-8077;kwilldermz@geocities.com
Louella;Osichev;54945 Debra Junction;188-109-1436;losichevn0@tmall.com
Aurel;Pochin;40 Ronald Regan Avenue;364-692-1625;apochinn1@free.fr
Jacquetta;Retallick;8102 Morning Street;533-844-9283;jretallickn2@ft.com
Fairleigh;Pusey;15506 Jenna Parkway;477-381-2532;fpuseyn3@globo.com
Todd;Tapsell;625 Hoard Center;304-279-6303;ttapselln4@about.me
Aileen;Gilliver;83 Reinke Street;269-367-7810;agillivern5@sourceforge.net
Hobart;Andreu;136 Fordem Court;594-778-3256;handreun6@jigsy.com
Heall;Feaver;5 Drewry Street;617-523-9755;hfeavern7@accuweather.com
Tamma;Farney;19449 Prairieview Hill;254-464-0004;
Cass;Boon;1376 Hudson Road;431-643-5792;
Wyatan;Pothbury;8 Helena Parkway;424-327-7796;
Gerard;Ongin;8191 Hoard Terrace;742-341-2600;gonginnb@ask.com
Yelena;Boundey;2566 Schurz Circle;332-750-5222;yboundeync@infoseek.co.jp
Donny;Juanes;8188 Beilfuss Avenue;778-323-5097;djuanesnd@nps.gov
Tally;Iacovaccio;29502 1st Trail;300-219-1949;tiacovaccione@timesonline.co.uk
Hillyer;Sweetnam;1 Huxley Point;281-382-0848;hsweetnamnf@typepad.com
Carlynn;Lorand;81907 Mallory Park;203-961-9251;
Drona;Heggs;9 Schurz Way;690-594-5500;dheggsnh@marketwatch.com
Oates;Pimblott;6 Loomis Crossing;807-251-1623;opimblottni@tmall.com
Haydon;Belvard;99428 Drewry Trail;684-737-5354;hbelvardnj@merriam-webster.com
Wrennie;Deacon;049 Tennessee Plaza;239-510-7057;wdeaconnk@bizjournals.com
Jaquelin;Naulls;568 Farwell Court;325-153-1702;jnaullsnl@imageshack.us
Darnell;Fann;3994 3rd Parkway;817-368-5805;dfannnm@stanford.edu
Rogerio;Fireman;5 3rd Avenue;102-423-0636;rfiremannn@biglobe.ne.jp
Tito;Stych;98258 Mandrake Center;551-869-5873;tstychno@usda.gov
Nichol;Gabotti;323 Parkside Hill;792-359-6212;ngabottinp@aboutads.info
Tibold;Agglio;3017 Nova Park;731-168-1920;tagglionq@unicef.org
Dex;MacAindreis;4 Bluestem Lane;707-743-9036;
Cele;Slee;15038 Kropf Court;784-437-8721;csleens@ucla.edu
Lauritz;Dredge;08109 Brentwood Street;187-774-4638;ldredgent@marriott.com
Theresa;Halle;33 Iowa Plaza;964-640-9470;thallenu@parallels.com
Calla;Esselin;81 Orin Court;232-991-3354;
Terrill;Miguel;85537 Carioca Court;290-808-5355;tmiguelnw@surveymonkey.com
Niles;Middis;19463 Anniversary Point;462-606-0340;nmiddisnx@rambler.ru
Jarrod;Haslum;6393 Sutteridge Court;286-562-7929;jhaslumny@ted.com
Dorita;Smithen;40 Amoth Hill;383-969-7547;
Tamar;Meeland;58 Duke Terrace;782-811-2209;tmeelando0@msu.edu
Shaw;Kingzet;5582 Coolidge Center;904-460-9841;skingzeto1@alibaba.com
Kara-lynn;Briereton;57 Hoard Avenue;378-976-2146;kbrieretono2@symantec.com
Johny;Allsworth;408 Ohio Plaza;200-797-8177;jallswortho3@mediafire.com
Benton;Geeve;76 Dryden Pass;285-662-0952;
Andreana;Rich;0 Dennis Place;148-629-3882;aricho5@fotki.com
Rodge;Southwick;489 Toban Plaza;950-847-9249;
Wendi;Tadlow;6 Springview Terrace;859-961-3244;
Janeczka;Winsor;48407 Spohn Circle;324-221-3524;jwinsoro8@desdev.cn
Ingrim;Hurrell;811 Fulton Circle;714-650-0873;ihurrello9@auda.org.au
Lawrence;Manchester;5 Huxley Center;707-431-9044;lmanchesteroa@bluehost.com
Rollins;Jorin;72334 Waubesa Court;906-323-8384;rjorinob@networksolutions.com
Malissia;Nolton;737 Carberry Street;111-434-2879;mnoltonoc@wunderground.com
Hyacinthia;St Angel;714 Lien Pass;490-827-7622;hstangelod@berkeley.edu
Felix;Braney;81867 Sauthoff Lane;437-466-4371;fbraneyoe@simplemachines.org
Gillian;Mackerel;9478 Village Green Place;986-980-8882;gmackerelof@moonfruit.com
Baird;Mingardo;23 Schmedeman Point;775-552-2781;bmingardoog@twitpic.com
Cesya;Catterick;0 Bartelt Plaza;440-426-0238;
Jarad;Lohmeyer;8768 Transport Drive;583-635-5053;jlohmeyeroi@squarespace.com
Hamish;Blonden;78935 Lyons Place;151-205-5212;hblondenoj@mit.edu
Otes;Blanc;23127 Menomonie Pass;143-103-2978;oblancok@ucoz.com
Sarena;Pavy;818 Porter Trail;288-904-9438;spavyol@businesswire.com
Craggy;Duchesne;02758 Utah Point;127-546-4362;
Stefanie;Favey;68 Jay Way;141-516-3896;sfaveyon@howstuffworks.com
Sukey;Measor;909 Hoepker Plaza;429-539-3006;smeasoroo@theatlantic.com
Norman;Poulney;31 Sullivan Point;714-251-0669;npoulneyop@nasa.gov
Malcolm;Leatt;41 Scofield Crossing;810-845-1735;mleattoq@geocities.com
Claiborn;Devennie;89 Katie Lane;140-472-9308;
Leandra;Pashbee;2 Scofield Alley;113-518-6080;lpashbeeos@cpanel.net
Camellia;Danilin;7578 Towne Lane;799-253-9281;cdanilinot@cam.ac.uk
Myles;Ashness;14 Springs Drive;352-259-4624;mashnessou@wired.com
Perry;Fridlington;888 Ilene Park;918-950-2885;pfridlingtonov@ibm.com
Gusti;Nevet;58309 Riverside Center;617-802-8241;gnevetow@abc.net.au
Page;Niesing;1801 Algoma Plaza;853-173-2235;
Lennie;Rottcher;39 Jenifer Hill;144-912-8619;lrottcheroy@ning.com
Morie;Jobke;05792 Del Sol Street;360-653-9505;mjobkeoz@springer.com
Ozzie;Bramo;3853 Lukken Lane;651-176-1136;
Di;Dering;8 Debs Park;658-777-2528;dderingp1@dropbox.com
Syman;Soles;58 Fairfield Point;768-108-6219;ssolesp2@example.com
Ashley;Allmann;2659 Daystar Point;913-421-6378;
Kendricks;Springell;7 Pepper Wood Park;101-713-9912;
Doretta;Belcher;37379 Pearson Alley;871-833-6287;
Marley;Brazier;83 Thackeray Terrace;850-824-1289;mbrazierp6@salon.com
Darcee;Jeves;38377 Messerschmidt Hill;756-893-0871;djevesp7@merriam-webster.com
Patti;Claire;82588 Kingsford Lane;872-296-1537;pclairep8@blog.com
Barnett;Dunsmuir;71 Fulton Alley;239-321-6497;
Micky;Cansdale;95 Redwing Junction;820-697-6208;mcansdalepa@ucla.edu
Ruthann;Calfe;7 Brickson Park Terrace;126-220-6677;
Ali;Bartozzi;008 Magdeline Point;286-183-3255;abartozzipc@omniture.com
Katrinka;Cordall;9 Lakewood Crossing;836-408-2021;
De;Jain;232 Fairview Crossing;213-618-0853;djainpe@csmonitor.com
Kimberlee;Bartosek;45 Gulseth Center;736-579-7704;
Mickie;Capner;015 Loeprich Road;233-121-0909;mcapnerpg@prlog.org
Enid;Szymanowicz;1261 Clove Pass;473-377-4642;eszymanowiczph@youku.com
Beauregard;Foresight;275 Heath Trail;992-975-3982;bforesightpi@ihg.com
Suzie;Canadine;0 Loftsgordon Center;305-528-4080;scanadinepj@springer.com
Leyla;Spatig;995 Trailsway Terrace;743-979-3421;
Jilli;Hensmans;580 Lunder Hill;121-315-7409;
Hynda;Kirvin;64 Badeau Alley;229-790-9445;
Ema;Willison;05 Lakeland Junction;751-538-4177;ewillisonpn@exblog.jp
Auria;Lancetter;8 Lakewood Gardens Terrace;650-709-1539;alancetterpo@e-recht24.de
Kayne;Dallyn;3 Algoma Lane;390-465-2716;
Linea;Daily;34 Crowley Way;335-626-0109;ldailypq@google.com
Dionisio;Lello;7 South Crossing;786-390-6149;dlellopr@exblog.jp
Bobbie;D'Elia;4 Heffernan Point;854-851-4883;bdeliaps@acquirethisname.com
Constanta;Oloshkin;8 Coolidge Center;153-733-8945;
Vonnie;Dwyer;9299 Utah Point;646-723-7944;vdwyerpu@si.edu
Jerry;Shellsheere;37 Kensington Street;898-437-4604;jshellsheerepv@skyrock.com
Aarika;Abella;86 School Drive;250-485-1600;aabellapw@sciencedaily.com
Erminie;Bloxsum;84386 Hudson Lane;693-274-9096;ebloxsumpx@dot.gov
Fernanda;Hannaford;07 Forest Run Alley;967-463-7782;
Gunar;Stratford;75626 Graedel Center;298-137-0817;
Margaux;Starten;047 Forest Dale Hill;716-989-4412;mstartenq0@answers.com
Almeta;Jearum;89586 Granby Court;617-733-1820;ajearumq1@msu.edu
Matthiew;Deverson;420 Rowland Place;664-717-7059;mdeversonq2@so-net.ne.jp
Foss;Garbutt;7881 Dapin Street;371-156-5857;fgarbuttq3@fc2.com
Edgar;Norree;5382 Moland Point;991-583-6416;
Ninnetta;Teasdale-Markie;0 Declaration Parkway;281-635-8303;nteasdalemarkieq5@vinaora.com
Rab;Fearns;18 Luster Point;406-619-5379;rfearnsq6@geocities.com
Ashia;Kleehuhler;690 Farragut Park;250-416-6769;akleehuhlerq7@clickbank.net
Benjamin;Brattell;0452 Butterfield Plaza;994-799-7473;bbrattellq8@deviantart.com
Daron;Oddey;6228 Karstens Crossing;154-789-4383;doddeyq9@hatena.ne.jp
Eilis;Ritch;5 Dryden Alley;476-675-0328;eritchqa@telegraph.co.uk
Kelsi;Irvine;40 Corry Center;880-178-3424;
Igor;Snape;09 Oxford Junction;593-174-3552;isnapeqc@bandcamp.com
Cookie;Twinbourne;1 Hintze Parkway;394-316-8097;ctwinbourneqd@live.com
Madeline;Heinrici;71 Division Avenue;581-299-7320;mheinriciqe@bloglines.com
Ingaborg;Goodier;692 Barby Place;113-120-0204;igoodierqf@angelfire.com
Sib;MacGuigan;277 Bartelt Terrace;683-375-5672;smacguiganqg@buzzfeed.com
Debera;Causley;29 1st Park;204-125-3914;
Benji;Kearton;213 Melby Park;923-827-9236;bkeartonqi@goo.ne.jp
Sonny;Diegan;621 Stone Corner Street;454-463-1489;sdieganqj@redcross.org
Elmo;Goch;1 Chive Trail;947-805-7805;egochqk@weather.com
Pinchas;Giorio;787 Holy Cross Hill;504-895-9533;pgiorioql@google.co.jp
Erda;Shore;782 Derek Place;520-273-6526;eshoreqm@google.es
Franciskus;Caush;15 Southridge Lane;234-387-4513;fcaushqn@google.es
Annmaria;Berzons;2071 Aberg Parkway;795-703-9322;aberzonsqo@angelfire.com
Elga;Diglin;8 Bultman Place;411-884-0767;
Mathe;Bennetto;0 Hagan Lane;700-279-8267;mbennettoqq@ask.com
Palm;Sollam;6183 Independence Parkway;332-359-2864;psollamqr@slate.com
Veriee;Wagg;44984 Sachtjen Lane;280-500-2033;
Adena;Humber;90 Redwing Drive;270-437-6432;ahumberqt@bbb.org
Sig;Bagnold;335 Vahlen Road;433-501-4512;sbagnoldqu@cornell.edu
Judd;Pescud;33 Debra Place;491-964-6686;jpescudqv@mysql.com
Zebulon;Matuszak;1 Katie Circle;271-746-7001;
Yuma;Seyfart;674 Carpenter Junction;414-691-6322;yseyfartqx@state.gov
Orazio;Brewett;35761 Eagan Crossing;926-607-5310;
Rosemary;Hinckley;162 Truax Pass;621-549-4715;
Edita;Ceeley;03 Park Meadow Place;499-158-0836;
Johnnie;Sammut;9543 Onsgard Way;444-364-7988;jsammutr1@yahoo.co.jp
Odelinda;Durrington;2 Continental Junction;834-874-8421;odurringtonr2@cornell.edu
Kelci;Godney;0 Kropf Circle;227-513-4270;
Joaquin;Beldon;3044 Sunfield Crossing;641-780-3154;jbeldonr4@sitemeter.com
Zeke;Winsley;1 American Ash Point;572-192-6475;zwinsleyr5@prnewswire.com
Gran;Derdes;3489 Fulton Hill;446-727-0449;gderdesr6@nyu.edu
Timofei;Maken;489 Ilene Lane;329-439-8138;tmakenr7@economist.com
Hube;Larsen;1325 Canary Terrace;771-186-5082;hlarsenr8@ca.gov
Avrit;O'Hingerty;5894 Chive Avenue;910-817-6223;aohingertyr9@zimbio.com
Langston;Ivell;65 Tony Alley;636-125-3026;
Hal;Kilbee;35 Atwood Court;529-205-6484;hkilbeerb@bravesites.com
Angel;Paradyce;2 Merchant Avenue;463-291-3782;aparadycerc@cbc.ca
Dorene;Krollman;1 Algoma Trail;596-107-6722;dkrollmanrd@vk.com
Urson;O' Driscoll;9 Vidon Point;303-785-3000;
Gloria;Scotfurth;586 Corben Terrace;206-198-4010;gscotfurthrf@reference.com
Erin;Wiggans;9 School Trail;978-401-3797;ewiggansrg@ameblo.jp
Shelba;Camoletto;2668 Lunder Pass;478-932-0586;scamolettorh@cyberchimps.com
Ashia;Ellson;975 Sundown Lane;642-139-4316;aellsonri@cornell.edu
Iain;Fowell;4 Autumn Leaf Junction;521-896-1947;ifowellrj@wix.com
Alberto;Robinett;83964 Mcguire Alley;451-131-5946;arobinettrk@flickr.com
Zaneta;Thirlwall;7122 Merry Hill;822-595-3881;zthirlwallrl@wisc.edu
Hobie;Staples;90870 Mallard Point;348-855-0434;hstaplesrm@chronoengine.com
Sheeree;Kindleysides;50 Mayfield Hill;570-588-7622;skindleysidesrn@umich.edu
Zorina;Luckwell;9859 Oxford Junction;973-419-0268;zluckwellro@squidoo.com
Durward;Quaife;264 Becker Place;958-988-7670;dquaiferp@livejournal.com
Sunny;Simanenko;195 Stephen Road;898-614-5680;ssimanenkorq@vimeo.com
Hunfredo;Leverington;1396 Barnett Drive;107-859-2115;
