name;surname;address;telephone;email;rating;service_area
Sloan;Lindsay;60 Claremont Lane;353-112-2952;slindsay0@lycos.com;95;Asia
Pascale;Keelinge;48809 Lien Lane;547-628-0200;pkeelinge1@elegantthemes.com;34;South America
Noak;Sibbs;7914 Maryland Alley;750-476-7998;nsibbs2@bloglines.com;69;North America
Hartley;Olyff;4782 Arizona Drive;264-637-0651;holyff3@wix.com;58;Oceania
Lib;Kynnd;666 Manufacturers Pass;823-452-2342;lkynnd4@yahoo.co.jp;63;Africa
Philipa;Loukes;3 Nova Circle;168-821-5719;;60;Europe
Junia;Stitcher;5771 Twin Pines Place;170-706-6112;;29;Asia
Thedric;Doumic;8 Cordelia Junction;765-805-8693;tdoumic7@acquirethisname.com;51;South America
Dianemarie;Baudts;50015 Fisk Alley;379-921-2503;;32;North America
Devondra;Mussettini;3894 Carpenter Street;628-943-5090;dmussettini9@angelfire.com;74;Oceania
Maura;Labdon;882 Huxley Drive;263-271-5666;;59;Africa
Kyle;MacIlwrick;2 Lakewood Gardens Center;116-481-6936;kmacilwrickb@constantcontact.com;71;Europe
Kristoforo;Starsmeare;59 Macpherson Pass;432-443-1552;kstarsmearec@blogtalkradio.com;43;Asia
Oren;Sorro;49 Center Lane;854-498-0692;;32;South America
Griffie;Burgane;01007 Wayridge Place;183-156-4135;;30;North America
Imogene;Gudgen;48 Cardinal Court;718-452-8548;igudgenf@myspace.com;77;Oceania
Jedd;Bamber;5219 Melvin Terrace;765-956-0447;jbamberg@comsenz.com;53;Africa
Gunar;McGowing;22 Northport Parkway;659-906-7466;gmcgowingh@dmoz.org;23;Europe
Marji;Lickorish;63992 Maryland Pass;676-113-7462;;56;Asia
Golda;Mularkey;5281 Blue Bill Park Court;545-937-7930;;66;South America
Guy;Marwick;99 Chinook Way;657-589-4244;gmarwickk@nature.com;90;North America
Cinda;Raeburn;13 Buell Road;191-778-5332;craeburnl@cornell.edu;78;Oceania
Giovanna;Flawn;223 Hansons Trail;769-531-2915;gflawnm@moonfruit.com;92;Africa
Mano;Castiello;7902 Cardinal Terrace;731-279-4697;mcastiellon@t-online.de;79;Europe
Germana;Kosiada;8 Darwin Circle;957-624-6853;gkosiadao@wufoo.com;73;Asia
Alfie;Steely;48103 Fremont Drive;427-248-9601;asteelyp@irs.gov;27;South America
Celene;Gypson;12 Cody Center;888-383-4022;cgypsonq@google.com.br;47;North America
Madelyn;Astle;46808 Dennis Plaza;471-228-8134;mastler@github.com;34;Oceania
Hersh;Hendriksen;3 Forest Run Place;625-273-6992;;37;Africa
Estelle;Pond;696 Meadow Vale Trail;530-543-5968;;62;Europe
Cathrine;Dey;15 Corben Pass;363-167-1000;cdeyu@yolasite.com;13;Asia
Rosita;Nund;27656 Golden Leaf Street;235-284-0429;rnundv@shop-pro.jp;62;South America
Kellyann;McGaugie;7 Katie Parkway;745-738-1663;kmcgaugiew@ebay.co.uk;32;North America
Dicky;Liepins;98113 Dennis Parkway;250-817-9833;;36;Oceania
Ivette;Silberschatz;93359 Mcguire Lane;182-345-1037;isilberschatzy@prlog.org;31;Africa
Vaughn;Cregg;7317 Sachs Circle;557-300-1851;vcreggz@buzzfeed.com;48;Europe
Godfry;Shingfield;4623 Logan Crossing;195-668-5662;gshingfield10@noaa.gov;48;Asia
Natassia;Melby;8383 Cody Avenue;714-310-0152;;28;South America
Melisenda;Pideon;3438 Shasta Hill;378-969-3740;mpideon12@tripod.com;42;North America
Kalli;McNiven;14989 West Drive;491-635-4452;kmcniven13@ustream.tv;29;Oceania
Ted;Hobbema;1 Trailsway Court;329-254-4490;thobbema14@mtv.com;75;Africa
Kristian;Rolfo;95716 Hoffman Trail;763-454-8835;krolfo15@hc360.com;85;Europe
Norine;Seilmann;0 Granby Plaza;548-977-5599;nseilmann16@behance.net;58;Asia
Susanetta;Froom;145 Haas Circle;443-920-0485;;21;South America
Marve;Twaits;603 Brentwood Junction;353-168-6795;mtwaits18@shop-pro.jp;17;North America
Justinian;Filippyev;5315 Muir Way;774-433-0247;;67;Oceania
Durand;Bohden;20 Banding Parkway;328-537-1538;;86;Africa
Vivyanne;Freak;7170 Amoth Terrace;894-843-9338;vfreak1b@washington.edu;66;Europe
Sandor;Wilber;05841 Rutledge Way;661-741-4389;swilber1c@miitbeian.gov.cn;83;Asia
Dayna;Maureen;3336 Linden Parkway;455-563-3539;dmaureen1d@cam.ac.uk;33;South America
